{
  "logout" : {
    "transaction" : "logout",
    "sampleCount" : 1,
    "errorCount" : 0,
    "errorPct" : 0.0,
    "meanResTime" : 81.0,
    "medianResTime" : 81.0,
    "minResTime" : 81.0,
    "maxResTime" : 81.0,
    "pct1ResTime" : 81.0,
    "pct2ResTime" : 81.0,
    "pct3ResTime" : 81.0,
    "throughput" : 12.345679012345679,
    "receivedKBytesPerSec" : 4.72608024691358,
    "sentKBytesPerSec" : 3.9183063271604937
  },
  "Start mediaFile" : {
    "transaction" : "Start mediaFile",
    "sampleCount" : 265,
    "errorCount" : 0,
    "errorPct" : 0.0,
    "meanResTime" : 1590.3471698113203,
    "medianResTime" : 301.0,
    "minResTime" : 43.0,
    "maxResTime" : 11915.0,
    "pct1ResTime" : 6407.200000000001,
    "pct2ResTime" : 9371.2,
    "pct3ResTime" : 10941.499999999993,
    "throughput" : 0.03986199626470532,
    "receivedKBytesPerSec" : 0.028339387969438936,
    "sentKBytesPerSec" : 0.026821206471076137
  },
  "WebSocket Single Write Sampler" : {
    "transaction" : "WebSocket Single Write Sampler",
    "sampleCount" : 215485,
    "errorCount" : 1000,
    "errorPct" : 0.46406943,
    "meanResTime" : 1557.4219922500452,
    "medianResTime" : 1439.0,
    "minResTime" : 0.0,
    "maxResTime" : 201218.0,
    "pct1ResTime" : 5034.9000000000015,
    "pct2ResTime" : 7680.850000000002,
    "pct3ResTime" : 21261.660000000054,
    "throughput" : 32.10902749662832,
    "receivedKBytesPerSec" : 0.0,
    "sentKBytesPerSec" : 11314.28379175591
  },
  "client/spRegistration" : {
    "transaction" : "client/spRegistration",
    "sampleCount" : 1,
    "errorCount" : 0,
    "errorPct" : 0.0,
    "meanResTime" : 42.0,
    "medianResTime" : 42.0,
    "minResTime" : 42.0,
    "maxResTime" : 42.0,
    "pct1ResTime" : 42.0,
    "pct2ResTime" : 42.0,
    "pct3ResTime" : 42.0,
    "throughput" : 23.809523809523807,
    "receivedKBytesPerSec" : 86.26302083333333,
    "sentKBytesPerSec" : 16.810825892857142
  },
  "Media WebSocket Open Connection" : {
    "transaction" : "Media WebSocket Open Connection",
    "sampleCount" : 265,
    "errorCount" : 1,
    "errorPct" : 0.3773585,
    "meanResTime" : 1331.1245283018864,
    "medianResTime" : 263.0,
    "minResTime" : 14.0,
    "maxResTime" : 10555.0,
    "pct1ResTime" : 4817.600000000001,
    "pct2ResTime" : 8278.099999999999,
    "pct3ResTime" : 10018.919999999996,
    "throughput" : 0.03985236877968437,
    "receivedKBytesPerSec" : 0.016206473318011977,
    "sentKBytesPerSec" : 0.01574121571079632
  },
  "Total" : {
    "transaction" : "Total",
    "sampleCount" : 216448,
    "errorCount" : 1001,
    "errorPct" : 0.46246675,
    "meanResTime" : 1560.2665443894118,
    "medianResTime" : 1438.0,
    "minResTime" : 0.0,
    "maxResTime" : 201218.0,
    "pct1ResTime" : 5065.0,
    "pct2ResTime" : 7705.750000000004,
    "pct3ResTime" : 21261.660000000054,
    "throughput" : 32.1997440955805,
    "receivedKBytesPerSec" : 8.839094533843962,
    "sentKBytesPerSec" : 11295.836243254886
  },
  "signIn" : {
    "transaction" : "signIn",
    "sampleCount" : 1,
    "errorCount" : 0,
    "errorPct" : 0.0,
    "meanResTime" : 687.0,
    "medianResTime" : 687.0,
    "minResTime" : 687.0,
    "maxResTime" : 687.0,
    "pct1ResTime" : 687.0,
    "pct2ResTime" : 687.0,
    "pct3ResTime" : 687.0,
    "throughput" : 1.455604075691412,
    "receivedKBytesPerSec" : 1.199736171761281,
    "sentKBytesPerSec" : 1.2352733806404657
  },
  "JSR223 Sampler" : {
    "transaction" : "JSR223 Sampler",
    "sampleCount" : 100,
    "errorCount" : 0,
    "errorPct" : 0.0,
    "meanResTime" : 0.7100000000000001,
    "medianResTime" : 1.0,
    "minResTime" : 0.0,
    "maxResTime" : 12.0,
    "pct1ResTime" : 1.0,
    "pct2ResTime" : 1.0,
    "pct3ResTime" : 11.889999999999944,
    "throughput" : 0.015686272049212226,
    "receivedKBytesPerSec" : 0.0,
    "sentKBytesPerSec" : 0.0
  },
  "Stop mediaFile" : {
    "transaction" : "Stop mediaFile",
    "sampleCount" : 165,
    "errorCount" : 0,
    "errorPct" : 0.0,
    "meanResTime" : 1640.4848484848487,
    "medianResTime" : 290.0,
    "minResTime" : 57.0,
    "maxResTime" : 14021.0,
    "pct1ResTime" : 6251.200000000001,
    "pct2ResTime" : 8418.6,
    "pct3ResTime" : 13269.920000000004,
    "throughput" : 0.02497301400970951,
    "receivedKBytesPerSec" : 0.009559981925591921,
    "sentKBytesPerSec" : 0.013266913692658177
  },
  "Download" : {
    "transaction" : "Download",
    "sampleCount" : 165,
    "errorCount" : 0,
    "errorPct" : 0.0,
    "meanResTime" : 6483.296969696968,
    "medianResTime" : 1971.0,
    "minResTime" : 108.0,
    "maxResTime" : 42083.0,
    "pct1ResTime" : 26246.80000000001,
    "pct2ResTime" : 32328.09999999999,
    "pct3ResTime" : 39105.74000000001,
    "throughput" : 0.024958244101308084,
    "receivedKBytesPerSec" : 8.932419073460734,
    "sentKBytesPerSec" : 0.012016029630805551
  }
}