{
  "logout" : {
    "transaction" : "logout",
    "sampleCount" : 2,
    "errorCount" : 0,
    "errorPct" : 0.0,
    "meanResTime" : 47.0,
    "medianResTime" : 47.0,
    "minResTime" : 45.0,
    "maxResTime" : 49.0,
    "pct1ResTime" : 49.0,
    "pct2ResTime" : 49.0,
    "pct3ResTime" : 49.0,
    "throughput" : 0.0011337553548682606,
    "receivedKBytesPerSec" : 4.34015721785506E-4,
    "sentKBytesPerSec" : 3.598344632150241E-4
  },
  "Start mediaFile" : {
    "transaction" : "Start mediaFile",
    "sampleCount" : 386,
    "errorCount" : 19,
    "errorPct" : 4.92228,
    "meanResTime" : 523.411917098446,
    "medianResTime" : 224.0,
    "minResTime" : 19.0,
    "maxResTime" : 15187.0,
    "pct1ResTime" : 1293.3,
    "pct2ResTime" : 2053.95,
    "pct3ResTime" : 4296.1199999999935,
    "throughput" : 0.04743158577430896,
    "receivedKBytesPerSec" : 0.037903604702215044,
    "sentKBytesPerSec" : 0.030343499720817194
  },
  "WebSocket Single Write Sampler" : {
    "transaction" : "WebSocket Single Write Sampler",
    "sampleCount" : 307106,
    "errorCount" : 97187,
    "errorPct" : 31.646076,
    "meanResTime" : 1099.6960039856092,
    "medianResTime" : 1211.5,
    "minResTime" : 0.0,
    "maxResTime" : 205595.0,
    "pct1ResTime" : 4265.9000000000015,
    "pct2ResTime" : 6060.700000000004,
    "pct3ResTime" : 14786.300000000112,
    "throughput" : 5.809621532779766,
    "receivedKBytesPerSec" : 0.0,
    "sentKBytesPerSec" : 1405.825197792904
  },
  "client/spRegistration" : {
    "transaction" : "client/spRegistration",
    "sampleCount" : 2,
    "errorCount" : 0,
    "errorPct" : 0.0,
    "meanResTime" : 182.0,
    "medianResTime" : 182.0,
    "minResTime" : 140.0,
    "maxResTime" : 224.0,
    "pct1ResTime" : 224.0,
    "pct2ResTime" : 224.0,
    "pct3ResTime" : 224.0,
    "throughput" : 0.0011343398709121226,
    "receivedKBytesPerSec" : 0.004110874278276257,
    "sentKBytesPerSec" : 8.009059830756491E-4
  },
  "Media WebSocket Open Connection" : {
    "transaction" : "Media WebSocket Open Connection",
    "sampleCount" : 384,
    "errorCount" : 17,
    "errorPct" : 4.4270835,
    "meanResTime" : 447.2369791666667,
    "medianResTime" : 219.0,
    "minResTime" : 13.0,
    "maxResTime" : 5235.0,
    "pct1ResTime" : 1200.0,
    "pct2ResTime" : 2052.5,
    "pct3ResTime" : 3183.0,
    "throughput" : 0.047185878446228006,
    "receivedKBytesPerSec" : 0.018408703788559095,
    "sentKBytesPerSec" : 0.017880224253959312
  },
  "Total" : {
    "transaction" : "Total",
    "sampleCount" : 308553,
    "errorCount" : 97262,
    "errorPct" : 31.521975,
    "meanResTime" : 1096.8804873068898,
    "medianResTime" : 1214.0,
    "minResTime" : 0.0,
    "maxResTime" : 205595.0,
    "pct1ResTime" : 4265.9000000000015,
    "pct2ResTime" : 6060.700000000004,
    "pct3ResTime" : 14786.300000000112,
    "throughput" : 5.836994890375945,
    "receivedKBytesPerSec" : 0.01569152643976909,
    "sentKBytesPerSec" : 1405.8377593347193
  },
  "signIn" : {
    "transaction" : "signIn",
    "sampleCount" : 2,
    "errorCount" : 0,
    "errorPct" : 0.0,
    "meanResTime" : 1037.5,
    "medianResTime" : 1037.5,
    "minResTime" : 1029.0,
    "maxResTime" : 1046.0,
    "pct1ResTime" : 1046.0,
    "pct2ResTime" : 1046.0,
    "pct3ResTime" : 1046.0,
    "throughput" : 0.0011331258579887354,
    "receivedKBytesPerSec" : 9.339435782641532E-4,
    "sentKBytesPerSec" : 9.616077837814563E-4
  },
  "JSR223 Sampler" : {
    "transaction" : "JSR223 Sampler",
    "sampleCount" : 104,
    "errorCount" : 0,
    "errorPct" : 0.0,
    "meanResTime" : 0.7115384615384617,
    "medianResTime" : 1.0,
    "minResTime" : 0.0,
    "maxResTime" : 11.0,
    "pct1ResTime" : 1.0,
    "pct2ResTime" : 1.0,
    "pct3ResTime" : 10.900000000000006,
    "throughput" : 0.012779551145299687,
    "receivedKBytesPerSec" : 0.0,
    "sentKBytesPerSec" : 0.0
  },
  "Stop mediaFile" : {
    "transaction" : "Stop mediaFile",
    "sampleCount" : 284,
    "errorCount" : 20,
    "errorPct" : 7.0422535,
    "meanResTime" : 965.4225352112672,
    "medianResTime" : 247.0,
    "minResTime" : 30.0,
    "maxResTime" : 21034.0,
    "pct1ResTime" : 2116.0,
    "pct2ResTime" : 3350.5,
    "pct3ResTime" : 8886.549999999821,
    "throughput" : 0.03597523738273054,
    "receivedKBytesPerSec" : 0.019193613510234384,
    "sentKBytesPerSec" : 0.017765940291999852
  },
  "Download" : {
    "transaction" : "Download",
    "sampleCount" : 283,
    "errorCount" : 19,
    "errorPct" : 6.713781,
    "meanResTime" : 254.27915194346284,
    "medianResTime" : 114.0,
    "minResTime" : 10.0,
    "maxResTime" : 2152.0,
    "pct1ResTime" : 400.99999999999994,
    "pct2ResTime" : 2044.8,
    "pct3ResTime" : 2085.200000000001,
    "throughput" : 0.035841109144282755,
    "receivedKBytesPerSec" : 0.026599091690675775,
    "sentKBytesPerSec" : 0.016158008862062513
  }
}